{
  "config": {
    "alpha": 20.0,
    "als_factors": 32,
    "als_iters": 8,
    "candidates": 150,
    "k": 10,
    "kmeans_k": 12,
    "max_users": 4000,
    "ncf_candidate_k": 50,
    "reg": 0.05,
    "two_tower": {
      "best_epoch": 7,
      "embedding_dim": 64,
      "epochs": 15,
      "hard_negatives_per_pos": 4,
      "loss": "sampled_softmax",
      "min_playtime_minutes": 30.0,
      "n_genres": 21,
      "n_tags": 200,
      "output_dim": 64,
      "tower_hidden": [
        256,
        128
      ],
      "val_ndcg_history": [
        0.16868008536393844,
        0.17511718652672903,
        0.19034028979212692,
        0.19578151615822242,
        0.19883444369971248,
        0.19936015660951883,
        0.20604289579936255,
        0.2146625197686781,
        0.20771386725894206,
        0.20577486026350367,
        0.2063979189340796
      ]
    },
    "xgb_objective": "rank:ndcg"
  },
  "dataset": {
    "n_games": 7208,
    "n_interactions": 442170,
    "n_reviews": 4913,
    "n_users": 3946,
    "name": "UCSD Steam (Australian users)",
    "raw_files": [
      "steam_games.json.gz",
      "australian_users_items.json.gz",
      "australian_user_reviews.json.gz"
    ],
    "test_rows": 44243,
    "train_rows": 353684,
    "val_rows": 44243
  },
  "lift": {
    "hybrid_vs_als_test": 1.3061,
    "hybrid_vs_als_val": 1.5318,
    "hybrid_vs_popularity_val": 0.9004,
    "two_tower_vs_als_val": 0.7881
  },
  "metrics": {
    "als": {
      "coverage@k": 0.197142,
      "diversity@k": 0.409376,
      "hit_rate@k": 0.535986,
      "k": 10,
      "map@k": 0.065583,
      "n_users_scored": 3946,
      "ndcg@k": 0.125693,
      "novelty@k": 10.020657,
      "recall@k": 0.145304
    },
    "als_test": {
      "coverage@k": 0.197142,
      "diversity@k": 0.409376,
      "hit_rate@k": 0.50963,
      "k": 10,
      "map@k": 0.0695,
      "n_users_scored": 3946,
      "ndcg@k": 0.127968,
      "novelty@k": 10.020657,
      "recall@k": 0.146065
    },
    "cooccurrence": {
      "coverage@k": 0.009156,
      "diversity@k": 0.0,
      "hit_rate@k": 0.47998,
      "k": 10,
      "map@k": 0.042363,
      "n_users_scored": 3946,
      "ndcg@k": 0.095628,
      "novelty@k": 8.16228,
      "recall@k": 0.092755
    },
    "hybrid": {
      "coverage@k": 0.074501,
      "diversity@k": 0.110022,
      "hit_rate@k": 0.866447,
      "k": 10,
      "map@k": 0.190667,
      "n_users_scored": 3946,
      "ndcg@k": 0.318226,
      "novelty@k": 8.857248,
      "recall@k": 0.275449
    },
    "hybrid_test": {
      "coverage@k": 0.074501,
      "diversity@k": 0.110022,
      "hit_rate@k": 0.888241,
      "k": 10,
      "map@k": 0.163983,
      "n_users_scored": 3946,
      "ndcg@k": 0.295108,
      "novelty@k": 8.857248,
      "recall@k": 0.31607
    },
    "popularity": {
      "coverage@k": 0.004994,
      "diversity@k": 0.0,
      "hit_rate@k": 0.647238,
      "k": 10,
      "map@k": 0.086295,
      "n_users_scored": 3946,
      "ndcg@k": 0.167456,
      "novelty@k": 8.310646,
      "recall@k": 0.142338
    },
    "two_tower": {
      "coverage@k": 0.055216,
      "diversity@k": 0.127134,
      "hit_rate@k": 0.744551,
      "k": 10,
      "map@k": 0.122891,
      "n_users_scored": 3946,
      "ndcg@k": 0.224747,
      "novelty@k": 8.84261,
      "recall@k": 0.203237
    }
  },
  "timings_seconds": {
    "als": 1.84,
    "cooccurrence": 5.46,
    "hybrid": 49.91,
    "popularity": 0.18,
    "two_tower": 157.07
  },
  "wall_clock_seconds": 238.99
}